sample,time_s,time_from_trigger_s,IR_raw,MP2_AO_raw,MP2_DO
0,0.000,-3.000,0,0,1
1,0.050,-2.950,0,0,1
2,0.100,-2.900,0,0,1
3,0.150,-2.850,0,0,1
4,0.200,-2.800,0,0,1
5,0.250,-2.750,0,0,1
6,0.300,-2.700,0,0,1
7,0.350,-2.650,0,0,1
8,0.400,-2.600,0,0,1
9,0.450,-2.550,0,0,1
10,0.500,-2.500,0,0,1
11,0.550,-2.450,0,0,1
12,0.600,-2.400,0,0,1
13,0.650,-2.350,0,0,1
14,0.700,-2.300,60,0,1
15,0.750,-2.250,82,0,1
16,0.800,-2.200,71,0,1
17,0.850,-2.150,53,0,1
18,0.900,-2.100,46,0,1
19,0.950,-2.050,32,0,1
20,1.000,-2.000,16,0,1
21,1.050,-1.950,1,0,1
22,1.100,-1.900,0,0,1
23,1.150,-1.850,0,0,1
24,1.200,-1.800,0,0,1
25,1.250,-1.750,0,0,1
26,1.300,-1.700,0,0,1
27,1.350,-1.650,0,0,1
28,1.400,-1.600,0,0,1
29,1.450,-1.550,0,0,1
30,1.500,-1.500,0,0,1
31,1.550,-1.450,0,0,1
32,1.600,-1.400,0,0,1
33,1.650,-1.350,0,0,1
34,1.700,-1.300,0,0,1
35,1.750,-1.250,0,0,1
36,1.800,-1.200,0,0,1
37,1.850,-1.150,0,0,1
38,1.900,-1.100,0,0,1
39,1.950,-1.050,0,0,1
40,2.000,-1.000,0,0,1
41,2.050,-0.950,0,0,1
42,2.100,-0.900,0,0,1
43,2.150,-0.850,0,0,1
44,2.200,-0.800,0,0,1
45,2.250,-0.750,0,0,1
46,2.300,-0.700,0,0,1
47,2.350,-0.650,0,0,1
48,2.400,-0.600,0,0,1
49,2.450,-0.550,0,0,1
50,2.500,-0.500,0,0,1
51,2.550,-0.450,0,0,1
52,2.600,-0.400,112,0,1
53,2.650,-0.350,275,0,1
54,2.700,-0.300,359,0,1
55,2.750,-0.250,329,0,1
56,2.800,-0.200,287,0,1
57,2.850,-0.150,298,0,1
58,2.900,-0.100,375,0,1
59,2.950,-0.050,399,0,1
60,3.000,0.000,639,0,1
61,3.050,0.050,2019,0,1
62,3.100,0.100,4095,0,1
63,3.150,0.150,4095,0,1
64,3.200,0.200,4095,0,1
65,3.250,0.250,4095,0,1
66,3.300,0.300,4095,0,1
67,3.350,0.350,3760,0,1
68,3.400,0.400,3189,0,1
69,3.450,0.450,2842,0,1
70,3.500,0.500,2605,0,1
71,3.550,0.550,2607,0,1
72,3.600,0.600,2699,0,1
73,3.650,0.650,2720,0,1
74,3.700,0.700,2974,0,1
75,3.750,0.750,4095,0,1
76,3.800,0.800,4095,0,1
77,3.850,0.850,4095,0,1
78,3.900,0.900,4095,0,1
79,3.950,0.950,4095,0,1
80,4.000,1.000,4095,0,1
81,4.050,1.050,4095,0,1
82,4.100,1.100,4095,0,1
83,4.150,1.150,4095,0,1
84,4.200,1.200,4095,0,1
85,4.250,1.250,4095,0,1
86,4.300,1.300,4095,0,1
87,4.350,1.350,4095,0,1
88,4.400,1.400,3919,0,1
89,4.450,1.450,3194,0,1
90,4.500,1.500,2544,0,1
91,4.550,1.550,1987,0,1
92,4.600,1.600,1515,0,1
93,4.650,1.650,1273,0,1
94,4.700,1.700,1328,0,1
95,4.750,1.750,1217,0,1
96,4.800,1.800,1131,0,1
97,4.850,1.850,1499,0,1
98,4.900,1.900,2363,0,1
99,4.950,1.950,3293,0,1
100,5.000,2.000,4085,0,1
101,5.050,2.050,4095,0,1
102,5.100,2.100,4095,0,1
103,5.150,2.150,4095,0,1
104,5.200,2.200,4095,0,1
105,5.250,2.250,4095,0,1
106,5.300,2.300,4013,0,1
107,5.350,2.350,3852,0,1
108,5.400,2.400,3698,0,1
109,5.450,2.450,4095,0,1
110,5.500,2.500,4095,0,1
111,5.550,2.550,4079,0,1
112,5.600,2.600,4057,0,1
113,5.650,2.650,4095,0,1
114,5.700,2.700,4095,0,1
115,5.750,2.750,4095,0,1
116,5.800,2.800,4095,0,1
117,5.850,2.850,4050,0,1
118,5.900,2.900,3343,0,1
119,5.950,2.950,3165,0,1
120,6.000,3.000,3566,0,1
121,6.050,3.050,3127,0,1
122,6.100,3.100,2470,0,1
123,6.150,3.150,1920,0,1
124,6.200,3.200,1655,0,1
125,6.250,3.250,2102,0,1
126,6.300,3.300,3391,0,1
127,6.350,3.350,4036,0,1
128,6.400,3.400,3574,0,1
129,6.450,3.450,3142,0,1
130,6.500,3.500,3411,0,1
131,6.550,3.550,4095,0,1
132,6.600,3.600,3863,0,1
133,6.650,3.650,2967,0,1
134,6.700,3.700,2221,0,1
135,6.750,3.750,1777,0,1
136,6.800,3.800,1631,0,1
137,6.850,3.850,1641,0,1
138,6.900,3.900,1465,0,1
139,6.950,3.950,1382,0,1
140,7.000,4.000,1846,0,1
141,7.050,4.050,3258,0,1
142,7.100,4.100,4095,0,1
143,7.150,4.150,3760,0,1
144,7.200,4.200,2934,0,1
145,7.250,4.250,2309,0,1
146,7.300,4.300,1776,0,1
147,7.350,4.350,1324,0,1
148,7.400,4.400,950,0,1
149,7.450,4.450,711,0,1
150,7.500,4.500,865,0,1
151,7.550,4.550,1942,0,1
152,7.600,4.600,2640,0,1
153,7.650,4.650,2366,0,1
154,7.700,4.700,1680,0,1
155,7.750,4.750,1129,0,1
156,7.800,4.800,853,0,1
157,7.850,4.850,2183,0,1
158,7.900,4.900,4095,0,1
159,7.950,4.950,3373,0,1
160,8.000,5.000,2162,0,1
161,8.050,5.050,1392,0,1
162,8.100,5.100,894,0,1
163,8.150,5.150,577,0,1
164,8.200,5.200,376,0,1
165,8.250,5.250,247,0,1
166,8.300,5.300,171,0,1
167,8.350,5.350,114,0,1
168,8.400,5.400,80,0,1
169,8.450,5.450,59,0,1
170,8.500,5.500,45,0,1
171,8.550,5.550,33,0,1
172,8.600,5.600,26,0,1
173,8.650,5.650,18,0,1
174,8.700,5.700,19,0,1
175,8.750,5.750,6,0,1
176,8.800,5.800,1,0,1
177,8.850,5.850,0,0,1
178,8.900,5.900,0,0,1
179,8.950,5.950,0,0,1
180,9.000,6.000,0,0,1
181,9.050,6.050,0,0,1
182,9.100,6.100,0,0,1
183,9.150,6.150,0,0,1
184,9.200,6.200,0,0,1
185,9.250,6.250,0,0,1
186,9.300,6.300,0,0,1
187,9.350,6.350,0,0,1
188,9.400,6.400,0,0,1
189,9.450,6.450,0,0,1
190,9.500,6.500,0,0,1
191,9.550,6.550,0,0,1
192,9.600,6.600,0,0,1
193,9.650,6.650,0,0,1
194,9.700,6.700,0,0,1
195,9.750,6.750,0,0,1
196,9.800,6.800,0,0,1
197,9.850,6.850,0,0,1
198,9.900,6.900,0,0,1
199,9.950,6.950,0,0,1
200,10.000,7.000,0,0,1
201,10.050,7.050,0,0,1
202,10.100,7.100,0,0,1
203,10.150,7.150,0,0,1
204,10.200,7.200,0,0,1
205,10.250,7.250,0,0,1
206,10.300,7.300,0,0,1
207,10.350,7.350,0,0,1
208,10.400,7.400,0,0,1
209,10.450,7.450,0,0,1
210,10.500,7.500,0,0,1
211,10.550,7.550,0,0,1
212,10.600,7.600,0,0,1
213,10.650,7.650,0,0,1
214,10.700,7.700,0,0,1
215,10.750,7.750,0,0,1
216,10.800,7.800,0,0,1
217,10.850,7.850,0,0,1
218,10.900,7.900,0,0,1
219,10.950,7.950,0,0,1
220,11.000,8.000,0,0,1
221,11.050,8.050,0,0,1
222,11.100,8.100,0,0,1
223,11.150,8.150,0,0,1
224,11.200,8.200,0,0,1